lambda_off,n_total,n_valid_awareness,aware_rate,off_norm_mean,off_norm_std
0.0,20,3,1.0,0.0,0.0
0.25,20,7,0.2857142857142857,1.2223438560962676,0.021179324524325013
0.5,20,10,0.3,2.468653905391693,0.12100265055444642
1.0,20,6,0.0,4.966928839683533,0.21564568423923627
1.5,20,2,0.0,7.6386003494262695,0.3614750394361097
2.0,20,6,0.16666666666666666,10.324500608444215,0.4563250316491277
