lambda_off,n_total,n_valid_awareness,aware_rate,off_norm_mean,off_norm_std
0.0,20,3,0.6666666666666666,0.0,0.0
0.25,20,6,0.16666666666666666,1.297760248184204,0.014326244480000208
0.5,20,3,0.3333333333333333,2.59887216091156,0.04049081002557751
1.0,20,4,0.25,5.241878604888916,0.07985363600316184
1.5,20,3,0.6666666666666666,7.922500538825989,0.11830555299882511
2.0,20,0,nan,10.917147731781006,0.3012467479832279
